{"t6vESF6AMOB29p3QKzo6TQ==":"mbr-1631x1080.jpg","3T4E2tmvGtV7O3ZMUY/m9Q==":"logo1-300x300.png","bt03M2LDgkFVZwRvRjI+2w==":"logo1-1-300x300.png","950ve0asatYbrkNTvABNbg==":"logo1-2-300x300.png","0Bqt+JTN165Sm830+B+4fA==":"mbr-1620x1080.jpg","s46XJ5JyKs1M4xAJ9J+vtw==":"mbr-1-1620x1080.jpg","fhbnBCiRbmRkmN6sCBUEmw==":"mbr-2-1620x1080.jpg","XA/MXf0HqlE9keQB+MjFOg==":"mbr-748x1080.jpg","8b3D9l5nNs+raZ1KDRwonw==":"n4-1600x1200.jpg","YktJ63Q730Wptqc6aXClBw==":"n4-1-1600x1200.jpg","pMbd2GkGT/JGC3yLrMT95w==":"logo1-3-300x300.png","XFpqf/YCjCFNGwU1VzbmCA==":"mbr-720x1080.jpg","3q3AtRkPF0VW8olPDD6Vig==":"mbr-721x1080.jpg","74U3P797gA0MGF9/wh6bSg==":"mbr-3-1620x1080.jpg","WJnDd5zZIiXgY5/fLCDFgQ==":"mbr-4-1620x1080.jpg","7R08Nmg9PhooDd7Ib1QwgA==":"1-500x350.png","5jpX1XWgNq/5a6TcqwdEEQ==":"6-500x350.png","vrkZzdh6Cyy8DEp/c1QanA==":"1-1-500x350.png","xOCPzFvQhDgTebqURc71DA==":"1-2-500x350.png","rYlCQ05fuV6z9VnPaV3R+Q==":"2-500x350.png","EzB4GabnmDwPm0SjPaD6sQ==":"3-500x350.png","liR3K/RaNUFgkefOHEj4Ug==":"4-500x350.png","we5MBLwf7Qji5dgmu2YsfQ==":"6-1-500x350.png","vrr1A9EPyLU8a5+rV0dw1A==":"7-500x350.png","Kiz3tS3el3Vsf4dfUrNJWg==":"8-500x350.png","tpXU600XuJykMKS79JexoQ==":"9-500x350.png","0xDkafAW25RYqELyN9ZILQ==":"10-500x350.png","KT9RFkN28ad2CdC5HIo5UQ==":"mbr-1616x1080.jpg","P+QaJki3C/Aqz3aXMMHn7Q==":"mbr-1-1616x1080.jpg","+4agSr5DbdXSw4lklDy0pg==":"pro1-1025x408.png","vDtBMuh23wZTyssNDFDN5g==":"pro1-1-1025x408.png","p4OCsczunbNcFMAw9SZR+Q==":"pro2-1024x401.png","IQ/T2+s1tZdNLqfI4uuuXA==":"pro3-1024x401.png"}